Language,Row_Col_Time,Col_Row_Time
python,0.00000,0.00000
ruby,0.0,0.0
c,0.00000,0.00000
go,0.00000,0.00000
rust,0.00000,0.00000
