Language,Row_Col_Time,Col_Row_Time
python,2.24436,7.84049
ruby,3.41366,9.0749
go,0.05475,0.80145
rust,0.04292,0.82088
c,0.02181,0.92369
