Language,Row_Col_Time,Col_Row_Time
python,2.11047,7.90784
ruby,3.45244,9.05168
go,0.05553,0.79692
rust,0.04040,0.80590
c,0.02026,0.89809
